Transaction ID,Customer ID,Date,Age,Gender,Product Category,Quantity,Price per Unit,Total Amount
1,CUST001,2023-11-24 00:00:00,34,Male,Beauty,3,50,150
2,CUST002,2023-02-27 00:00:00,26,Female,Clothing,2,500,1000
3,CUST003,2023-01-13 00:00:00,50,Male,Electronics,1,30,30
4,CUST004,2023-05-21 00:00:00,37,Male,Clothing,1,500,500
5,CUST005,2023-05-06 00:00:00,30,Male,Beauty,2,50,100
6,CUST006,2023-04-25 00:00:00,45,Female,Beauty,1,30,30
7,CUST007,2023-03-13 00:00:00,46,Male,Clothing,2,25,50
8,CUST008,2023-02-22 00:00:00,30,Male,Electronics,4,25,100
9,CUST009,2023-12-13 00:00:00,63,Male,Electronics,2,300,600
10,CUST010,2023-10-07 00:00:00,52,Female,Clothing,4,50,200
11,CUST011,2023-02-14 00:00:00,23,Male,Clothing,2,50,100
12,CUST012,2023-10-30 00:00:00,35,Male,Beauty,3,25,75
13,CUST013,2023-08-05 00:00:00,22,Male,Electronics,3,500,1500
14,CUST014,2023-01-17 00:00:00,64,Male,Clothing,4,30,120
15,CUST015,2023-01-16 00:00:00,42,Female,Electronics,4,500,2000
16,CUST016,2023-02-17 00:00:00,19,Male,Clothing,3,500,1500
17,CUST017,2023-04-22 00:00:00,27,Female,Clothing,4,25,100
18,CUST018,2023-04-30 00:00:00,47,Female,Electronics,2,25,50
19,CUST019,2023-09-16 00:00:00,62,Female,Clothing,2,25,50
20,CUST020,2023-11-05 00:00:00,22,Male,Clothing,3,300,900
21,CUST021,2023-01-14 00:00:00,50,Female,Beauty,1,500,500
22,CUST022,2023-10-15 00:00:00,18,Male,Clothing,2,50,100
23,CUST023,2023-04-12 00:00:00,35,Female,Clothing,4,30,120
24,CUST024,2023-11-29 00:00:00,49,Female,Clothing,1,300,300
25,CUST025,2023-12-26 00:00:00,64,Female,Beauty,1,50,50
26,CUST026,2023-10-07 00:00:00,28,Female,Electronics,2,500,1000
27,CUST027,2023-08-03 00:00:00,38,Female,Beauty,2,25,50
28,CUST028,2023-04-23 00:00:00,43,Female,Beauty,1,500,500
29,CUST029,2023-08-18 00:00:00,42,Female,Electronics,1,30,30
30,CUST030,2023-10-29 00:00:00,39,Female,Beauty,3,300,900
31,CUST031,2023-05-23 00:00:00,44,Male,Electronics,4,300,1200
32,CUST032,2023-01-04 00:00:00,30,Male,Beauty,3,30,90
33,CUST033,2023-03-23 00:00:00,50,Female,Electronics,2,50,100
34,CUST034,2023-12-24 00:00:00,51,Female,Clothing,3,50,150
35,CUST035,2023-08-05 00:00:00,58,Female,Beauty,3,300,900
36,CUST036,2023-06-24 00:00:00,52,Male,Beauty,3,300,900
37,CUST037,2023-05-23 00:00:00,18,Female,Beauty,3,25,75
38,CUST038,2023-03-21 00:00:00,38,Male,Beauty,4,50,200
39,CUST039,2023-04-21 00:00:00,23,Male,Clothing,4,30,120
40,CUST040,2023-06-22 00:00:00,45,Male,Beauty,1,50,50
41,CUST041,2023-02-22 00:00:00,34,Male,Clothing,2,25,50
42,CUST042,2023-02-17 00:00:00,22,Male,Clothing,3,300,900
43,CUST043,2023-07-14 00:00:00,48,Female,Clothing,1,300,300
44,CUST044,2023-02-19 00:00:00,22,Female,Clothing,1,25,25
45,CUST045,2023-07-03 00:00:00,55,Female,Electronics,1,30,30
46,CUST046,2023-06-26 00:00:00,20,Female,Electronics,4,300,1200
47,CUST047,2023-11-06 00:00:00,40,Female,Beauty,3,500,1500
48,CUST048,2023-05-16 00:00:00,54,Male,Electronics,3,300,900
49,CUST049,2023-01-23 00:00:00,54,Female,Electronics,2,500,1000
50,CUST050,2023-08-24 00:00:00,27,Female,Beauty,3,25,75
51,CUST051,2023-10-02 00:00:00,27,Male,Beauty,3,25,75
52,CUST052,2023-03-05 00:00:00,36,Female,Beauty,1,300,300
53,CUST053,2023-07-13 00:00:00,34,Male,Electronics,2,50,100
54,CUST054,2023-02-10 00:00:00,38,Female,Electronics,3,500,1500
55,CUST055,2023-10-10 00:00:00,31,Male,Beauty,4,30,120
56,CUST056,2023-05-31 00:00:00,26,Female,Clothing,3,300,900
57,CUST057,2023-11-18 00:00:00,63,Female,Beauty,1,30,30
58,CUST058,2023-11-13 00:00:00,18,Male,Clothing,4,300,1200
59,CUST059,2023-07-05 00:00:00,62,Male,Clothing,1,50,50
60,CUST060,2023-10-23 00:00:00,30,Male,Beauty,3,50,150
61,CUST061,2023-04-09 00:00:00,21,Male,Beauty,4,50,200
62,CUST062,2023-12-27 00:00:00,18,Male,Beauty,2,50,100
63,CUST063,2023-02-05 00:00:00,57,Male,Electronics,2,25,50
64,CUST064,2023-01-24 00:00:00,49,Male,Clothing,4,25,100
65,CUST065,2023-12-05 00:00:00,51,Male,Electronics,4,500,2000
66,CUST066,2023-04-27 00:00:00,45,Female,Electronics,1,30,30
67,CUST067,2023-05-29 00:00:00,48,Female,Beauty,4,300,1200
68,CUST068,2023-02-10 00:00:00,25,Male,Electronics,1,300,300
69,CUST069,2023-04-30 00:00:00,56,Female,Beauty,3,25,75
70,CUST070,2023-02-21 00:00:00,43,Female,Clothing,1,300,300
71,CUST071,2023-07-14 00:00:00,51,Female,Beauty,4,25,100
72,CUST072,2023-05-23 00:00:00,20,Female,Electronics,4,500,2000
73,CUST073,2023-08-21 00:00:00,29,Male,Electronics,3,30,90
74,CUST074,2023-11-22 00:00:00,18,Female,Beauty,4,500,2000
75,CUST075,2023-07-06 00:00:00,61,Male,Beauty,4,50,200
76,CUST076,2023-03-25 00:00:00,22,Female,Electronics,2,50,100
77,CUST077,2023-07-09 00:00:00,47,Female,Clothing,2,50,100
78,CUST078,2023-07-01 00:00:00,47,Female,Clothing,3,500,1500
79,CUST079,2023-04-18 00:00:00,34,Male,Beauty,1,300,300
80,CUST080,2023-12-10 00:00:00,64,Female,Clothing,2,30,60
81,CUST081,2023-05-17 00:00:00,40,Male,Electronics,1,50,50
82,CUST082,2023-12-26 00:00:00,32,Female,Beauty,4,50,200
83,CUST083,2023-12-16 00:00:00,54,Male,Electronics,2,50,100
84,CUST084,2023-11-28 00:00:00,38,Female,Electronics,3,30,90
85,CUST085,2023-02-06 00:00:00,31,Male,Clothing,3,50,150
86,CUST086,2023-11-08 00:00:00,19,Male,Beauty,3,30,90
87,CUST087,2023-11-22 00:00:00,28,Female,Beauty,2,50,100
88,CUST088,2023-03-29 00:00:00,56,Male,Clothing,1,500,500
89,CUST089,2023-10-01 00:00:00,55,Female,Electronics,4,500,2000
90,CUST090,2023-05-06 00:00:00,51,Female,Electronics,1,30,30
91,CUST091,2023-03-25 00:00:00,55,Female,Electronics,1,500,500
92,CUST092,2023-08-25 00:00:00,51,Female,Electronics,4,30,120
93,CUST093,2023-07-14 00:00:00,35,Female,Beauty,4,500,2000
94,CUST094,2023-05-19 00:00:00,47,Female,Beauty,2,500,1000
95,CUST095,2023-11-24 00:00:00,32,Female,Clothing,2,30,60
96,CUST096,2023-12-19 00:00:00,44,Female,Clothing,2,300,600
97,CUST097,2023-10-13 00:00:00,51,Female,Beauty,2,500,1000
98,CUST098,2023-04-23 00:00:00,55,Female,Beauty,2,50,100
99,CUST099,2023-12-17 00:00:00,50,Female,Electronics,4,300,1200
100,CUST100,2023-06-16 00:00:00,41,Male,Electronics,1,30,30
101,CUST101,2023-01-29 00:00:00,32,Male,Clothing,2,300,600
102,CUST102,2023-04-28 00:00:00,47,Female,Beauty,2,25,50
103,CUST103,2023-01-17 00:00:00,59,Female,Clothing,1,25,25
104,CUST104,2023-06-11 00:00:00,34,Female,Beauty,2,500,1000
105,CUST105,2023-07-25 00:00:00,22,Female,Electronics,1,500,500
106,CUST106,2023-05-18 00:00:00,46,Female,Clothing,1,50,50
107,CUST107,2023-02-03 00:00:00,21,Female,Clothing,4,300,1200
108,CUST108,2023-04-19 00:00:00,27,Female,Beauty,3,25,75
109,CUST109,2023-10-18 00:00:00,34,Female,Electronics,4,500,2000
110,CUST110,2023-06-11 00:00:00,27,Male,Clothing,3,300,900
111,CUST111,2023-04-19 00:00:00,34,Female,Electronics,3,500,1500
112,CUST112,2023-12-02 00:00:00,37,Male,Clothing,3,500,1500
113,CUST113,2023-09-13 00:00:00,41,Female,Electronics,2,25,50
114,CUST114,2023-07-22 00:00:00,22,Female,Beauty,4,25,100
115,CUST115,2023-11-26 00:00:00,51,Male,Clothing,3,500,1500
116,CUST116,2023-08-23 00:00:00,23,Female,Clothing,1,30,30
117,CUST117,2023-03-15 00:00:00,19,Male,Electronics,2,500,1000
118,CUST118,2023-05-16 00:00:00,30,Female,Electronics,4,500,2000
119,CUST119,2023-03-13 00:00:00,60,Female,Clothing,3,50,150
120,CUST120,2023-05-07 00:00:00,60,Male,Beauty,1,50,50
121,CUST121,2023-10-15 00:00:00,28,Female,Electronics,4,50,200
122,CUST122,2023-10-03 00:00:00,64,Male,Electronics,4,30,120
123,CUST123,2023-05-15 00:00:00,40,Female,Electronics,2,30,60
124,CUST124,2023-10-27 00:00:00,33,Male,Clothing,4,500,2000
125,CUST125,2023-08-08 00:00:00,48,Male,Clothing,2,50,100
126,CUST126,2023-10-26 00:00:00,28,Female,Clothing,3,30,90
127,CUST127,2023-07-24 00:00:00,33,Female,Clothing,2,25,50
128,CUST128,2023-07-05 00:00:00,25,Male,Beauty,1,500,500
129,CUST129,2023-04-23 00:00:00,21,Female,Beauty,2,300,600
130,CUST130,2023-03-12 00:00:00,57,Female,Clothing,1,500,500
131,CUST131,2023-09-18 00:00:00,21,Female,Beauty,2,300,600
132,CUST132,2023-09-10 00:00:00,42,Male,Electronics,4,50,200
133,CUST133,2023-02-16 00:00:00,20,Male,Electronics,3,300,900
134,CUST134,2023-01-25 00:00:00,49,Male,Electronics,1,50,50
135,CUST135,2023-02-26 00:00:00,20,Male,Clothing,2,25,50
136,CUST136,2023-03-20 00:00:00,44,Male,Electronics,2,300,600
137,CUST137,2023-11-18 00:00:00,46,Male,Beauty,2,500,1000
138,CUST138,2023-03-23 00:00:00,49,Male,Clothing,4,50,200
139,CUST139,2023-12-15 00:00:00,36,Male,Beauty,4,500,2000
140,CUST140,2023-08-05 00:00:00,38,Male,Electronics,1,30,30
141,CUST141,2023-11-02 00:00:00,22,Female,Electronics,1,50,50
142,CUST142,2023-02-02 00:00:00,35,Male,Electronics,4,300,1200
143,CUST143,2023-07-17 00:00:00,45,Female,Clothing,1,50,50
144,CUST144,2023-07-15 00:00:00,59,Female,Beauty,3,500,1500
145,CUST145,2023-11-02 00:00:00,39,Female,Clothing,3,25,75
146,CUST146,2023-08-28 00:00:00,38,Male,Clothing,4,50,200
147,CUST147,2023-09-28 00:00:00,23,Male,Electronics,1,300,300
148,CUST148,2023-05-09 00:00:00,18,Male,Clothing,2,30,60
149,CUST149,2023-10-11 00:00:00,22,Male,Clothing,3,25,75
150,CUST150,2023-01-06 00:00:00,58,Female,Electronics,4,30,120
151,CUST151,2023-12-15 00:00:00,29,Male,Clothing,1,50,50
152,CUST152,2023-02-28 00:00:00,43,Male,Electronics,4,500,2000
153,CUST153,2023-12-16 00:00:00,63,Male,Electronics,2,500,1000
154,CUST154,2023-10-02 00:00:00,51,Male,Electronics,3,300,900
155,CUST155,2023-05-17 00:00:00,31,Male,Electronics,4,500,2000
156,CUST156,2023-11-25 00:00:00,43,Female,Clothing,4,25,100
157,CUST157,2023-06-24 00:00:00,62,Male,Electronics,4,500,2000
158,CUST158,2023-02-27 00:00:00,44,Female,Electronics,2,300,600
159,CUST159,2023-05-31 00:00:00,26,Male,Clothing,4,50,200
160,CUST160,2023-08-11 00:00:00,43,Female,Clothing,2,50,100
161,CUST161,2023-03-22 00:00:00,64,Male,Beauty,2,500,1000
162,CUST162,2023-08-21 00:00:00,39,Male,Clothing,2,30,60
163,CUST163,2023-01-02 00:00:00,64,Female,Clothing,3,50,150
164,CUST164,2023-05-15 00:00:00,47,Female,Beauty,3,500,1500
165,CUST165,2023-09-14 00:00:00,60,Female,Clothing,4,300,1200
166,CUST166,2023-04-02 00:00:00,34,Male,Clothing,4,500,2000
167,CUST167,2023-09-17 00:00:00,43,Female,Clothing,3,50,150
168,CUST168,2023-02-24 00:00:00,53,Male,Clothing,1,300,300
169,CUST169,2023-11-17 00:00:00,18,Male,Beauty,3,500,1500
170,CUST170,2023-06-02 00:00:00,25,Female,Clothing,2,25,50
171,CUST171,2023-11-24 00:00:00,52,Female,Clothing,3,300,900
172,CUST172,2023-09-17 00:00:00,32,Male,Beauty,2,25,50
173,CUST173,2023-11-08 00:00:00,64,Male,Electronics,4,30,120
174,CUST174,2023-04-12 00:00:00,39,Female,Beauty,1,300,300
175,CUST175,2023-03-20 00:00:00,31,Female,Electronics,4,25,100
176,CUST176,2023-07-11 00:00:00,43,Female,Beauty,2,50,100
177,CUST177,2023-03-24 00:00:00,45,Male,Beauty,2,50,100
178,CUST178,2023-10-04 00:00:00,40,Male,Clothing,2,30,60
179,CUST179,2023-09-29 00:00:00,31,Male,Electronics,1,300,300
180,CUST180,2023-01-01 00:00:00,41,Male,Clothing,3,300,900
181,CUST181,2023-11-03 00:00:00,19,Male,Electronics,4,300,1200
182,CUST182,2023-06-15 00:00:00,62,Male,Beauty,4,30,120
183,CUST183,2023-09-08 00:00:00,43,Female,Beauty,3,300,900
184,CUST184,2023-01-10 00:00:00,31,Male,Electronics,4,50,200
185,CUST185,2023-02-27 00:00:00,24,Male,Clothing,1,25,25
186,CUST186,2023-07-05 00:00:00,20,Male,Clothing,4,50,200
187,CUST187,2023-06-07 00:00:00,64,Female,Clothing,2,50,100
188,CUST188,2023-05-03 00:00:00,40,Male,Clothing,3,25,75
189,CUST189,2023-01-30 00:00:00,63,Male,Beauty,1,50,50
190,CUST190,2023-05-04 00:00:00,60,Female,Beauty,3,30,90
191,CUST191,2023-10-18 00:00:00,64,Male,Beauty,1,25,25
192,CUST192,2023-02-10 00:00:00,62,Male,Beauty,2,50,100
193,CUST193,2023-02-13 00:00:00,35,Male,Beauty,3,500,1500
194,CUST194,2023-09-06 00:00:00,55,Male,Clothing,4,50,200
195,CUST195,2023-02-05 00:00:00,52,Male,Clothing,1,30,30
196,CUST196,2023-09-30 00:00:00,32,Female,Clothing,3,300,900
197,CUST197,2023-03-06 00:00:00,42,Female,Clothing,4,50,200
198,CUST198,2023-03-07 00:00:00,54,Female,Beauty,3,300,900
199,CUST199,2023-12-04 00:00:00,45,Male,Beauty,3,500,1500
200,CUST200,2023-09-01 00:00:00,27,Male,Beauty,3,50,150
201,CUST201,2023-10-09 00:00:00,56,Male,Electronics,1,25,25
202,CUST202,2023-03-26 00:00:00,34,Female,Clothing,4,300,1200
203,CUST203,2023-05-16 00:00:00,56,Male,Clothing,2,500,1000
204,CUST204,2023-09-28 00:00:00,39,Male,Beauty,1,25,25
205,CUST205,2023-11-07 00:00:00,43,Female,Clothing,1,25,25
206,CUST206,2023-08-05 00:00:00,61,Male,Clothing,1,25,25
207,CUST207,2023-04-19 00:00:00,42,Female,Beauty,2,25,50
208,CUST208,2023-10-04 00:00:00,34,Female,Electronics,4,50,200
209,CUST209,2023-12-20 00:00:00,30,Female,Electronics,4,50,200
210,CUST210,2023-04-13 00:00:00,37,Male,Electronics,4,50,200
211,CUST211,2024-01-01 00:00:00,42,Male,Beauty,3,500,1500
212,CUST212,2023-06-09 00:00:00,21,Male,Clothing,3,500,1500
213,CUST213,2023-07-24 00:00:00,27,Male,Beauty,3,500,1500
214,CUST214,2023-12-10 00:00:00,20,Male,Beauty,2,30,60
215,CUST215,2023-11-29 00:00:00,58,Male,Clothing,3,500,1500
216,CUST216,2023-07-11 00:00:00,62,Male,Electronics,2,50,100
217,CUST217,2023-08-13 00:00:00,35,Female,Electronics,4,50,200
218,CUST218,2023-09-22 00:00:00,64,Male,Beauty,3,30,90
219,CUST219,2023-08-20 00:00:00,53,Female,Electronics,3,30,90
220,CUST220,2023-03-03 00:00:00,64,Male,Beauty,1,500,500
221,CUST221,2023-05-07 00:00:00,39,Male,Beauty,2,300,600
222,CUST222,2023-04-26 00:00:00,51,Male,Clothing,4,30,120
223,CUST223,2023-02-02 00:00:00,64,Female,Clothing,1,25,25
224,CUST224,2023-06-23 00:00:00,25,Female,Clothing,1,50,50
225,CUST225,2023-01-11 00:00:00,57,Female,Beauty,4,25,100
226,CUST226,2023-10-29 00:00:00,61,Female,Clothing,1,50,50
227,CUST227,2023-10-11 00:00:00,36,Male,Electronics,2,50,100
228,CUST228,2023-04-28 00:00:00,59,Female,Electronics,2,30,60
229,CUST229,2023-10-29 00:00:00,58,Male,Beauty,3,30,90
230,CUST230,2023-04-23 00:00:00,54,Male,Beauty,1,25,25
231,CUST231,2023-01-04 00:00:00,23,Female,Clothing,3,50,150
232,CUST232,2023-02-06 00:00:00,43,Female,Beauty,1,25,25
233,CUST233,2023-12-29 00:00:00,51,Female,Beauty,2,300,600
234,CUST234,2023-11-20 00:00:00,62,Female,Electronics,2,25,50
235,CUST235,2023-01-31 00:00:00,23,Female,Electronics,2,500,1000
236,CUST236,2023-04-28 00:00:00,54,Female,Clothing,1,25,25
237,CUST237,2023-02-04 00:00:00,50,Female,Beauty,2,500,1000
238,CUST238,2023-01-17 00:00:00,39,Female,Beauty,1,500,500
239,CUST239,2023-06-19 00:00:00,38,Male,Electronics,3,500,1500
240,CUST240,2023-02-06 00:00:00,23,Female,Beauty,1,300,300
241,CUST241,2023-09-21 00:00:00,23,Female,Electronics,3,25,75
242,CUST242,2023-05-02 00:00:00,21,Male,Clothing,1,25,25
243,CUST243,2023-05-23 00:00:00,47,Female,Electronics,3,300,900
244,CUST244,2023-12-09 00:00:00,28,Male,Beauty,2,50,100
245,CUST245,2023-09-06 00:00:00,47,Male,Clothing,3,30,90
246,CUST246,2023-04-20 00:00:00,48,Female,Electronics,2,25,50
247,CUST247,2023-10-04 00:00:00,41,Male,Electronics,2,30,60
248,CUST248,2023-03-09 00:00:00,26,Male,Clothing,3,300,900
249,CUST249,2023-10-20 00:00:00,20,Male,Clothing,1,50,50
250,CUST250,2023-10-23 00:00:00,48,Male,Electronics,1,50,50
251,CUST251,2023-08-31 00:00:00,57,Female,Beauty,4,50,200
252,CUST252,2023-05-05 00:00:00,54,Male,Electronics,1,300,300
253,CUST253,2023-08-31 00:00:00,53,Female,Clothing,4,500,2000
254,CUST254,2023-07-28 00:00:00,41,Male,Electronics,1,500,500
255,CUST255,2023-04-08 00:00:00,48,Male,Clothing,1,30,30
256,CUST256,2023-02-18 00:00:00,23,Male,Clothing,2,500,1000
257,CUST257,2023-02-19 00:00:00,19,Male,Beauty,4,500,2000
258,CUST258,2023-12-04 00:00:00,37,Female,Clothing,1,50,50
259,CUST259,2023-08-09 00:00:00,45,Female,Clothing,4,50,200
260,CUST260,2023-07-01 00:00:00,28,Male,Beauty,2,30,60
261,CUST261,2023-08-05 00:00:00,21,Male,Clothing,2,25,50
262,CUST262,2023-07-30 00:00:00,32,Female,Beauty,4,30,120
263,CUST263,2023-08-28 00:00:00,23,Male,Beauty,2,30,60
264,CUST264,2023-01-28 00:00:00,47,Male,Clothing,3,300,900
265,CUST265,2023-12-11 00:00:00,55,Male,Clothing,3,300,900
266,CUST266,2023-12-01 00:00:00,19,Female,Electronics,2,30,60
267,CUST267,2023-11-27 00:00:00,32,Female,Beauty,3,30,90
268,CUST268,2023-02-20 00:00:00,28,Female,Electronics,1,30,30
269,CUST269,2023-02-01 00:00:00,25,Male,Clothing,4,500,2000
270,CUST270,2023-07-26 00:00:00,43,Male,Electronics,1,300,300
271,CUST271,2023-06-23 00:00:00,62,Female,Beauty,4,30,120
272,CUST272,2023-02-25 00:00:00,61,Female,Electronics,2,50,100
273,CUST273,2023-05-08 00:00:00,22,Female,Beauty,1,50,50
274,CUST274,2023-04-09 00:00:00,23,Female,Clothing,2,500,1000
275,CUST275,2023-04-08 00:00:00,43,Male,Clothing,2,500,1000
276,CUST276,2023-10-02 00:00:00,21,Female,Beauty,4,25,100
277,CUST277,2023-08-18 00:00:00,36,Male,Clothing,4,25,100
278,CUST278,2023-03-13 00:00:00,37,Female,Clothing,4,25,100
279,CUST279,2023-08-05 00:00:00,50,Male,Clothing,1,500,500
280,CUST280,2023-04-04 00:00:00,37,Female,Clothing,3,500,1500
281,CUST281,2023-05-23 00:00:00,29,Female,Beauty,4,500,2000
282,CUST282,2023-08-25 00:00:00,64,Female,Electronics,4,50,200
283,CUST283,2023-05-08 00:00:00,18,Female,Electronics,1,500,500
284,CUST284,2023-02-08 00:00:00,43,Male,Clothing,4,50,200
285,CUST285,2023-08-15 00:00:00,31,Female,Electronics,1,25,25
286,CUST286,2023-10-09 00:00:00,55,Male,Electronics,2,25,50
287,CUST287,2023-02-20 00:00:00,54,Male,Clothing,4,25,100
288,CUST288,2023-01-26 00:00:00,28,Male,Clothing,4,30,120
289,CUST289,2023-11-30 00:00:00,53,Male,Electronics,2,30,60
290,CUST290,2023-10-04 00:00:00,30,Female,Beauty,2,300,600
291,CUST291,2023-01-08 00:00:00,60,Male,Clothing,2,300,600
292,CUST292,2023-02-17 00:00:00,20,Male,Beauty,4,300,1200
293,CUST293,2023-05-02 00:00:00,50,Male,Electronics,3,30,90
294,CUST294,2023-03-27 00:00:00,23,Female,Clothing,3,30,90
295,CUST295,2023-07-28 00:00:00,27,Female,Beauty,3,300,900
296,CUST296,2023-09-06 00:00:00,22,Female,Clothing,4,300,1200
297,CUST297,2023-09-04 00:00:00,40,Female,Electronics,2,500,1000
298,CUST298,2023-04-20 00:00:00,27,Male,Beauty,4,300,1200
299,CUST299,2023-07-25 00:00:00,61,Male,Electronics,2,500,1000
300,CUST300,2023-01-31 00:00:00,19,Female,Electronics,4,50,200
301,CUST301,2023-03-26 00:00:00,30,Male,Clothing,4,30,120
302,CUST302,2023-07-14 00:00:00,57,Male,Beauty,2,300,600
303,CUST303,2023-01-02 00:00:00,19,Male,Electronics,3,30,90
304,CUST304,2023-07-19 00:00:00,37,Female,Electronics,2,30,60
305,CUST305,2023-05-16 00:00:00,18,Female,Beauty,1,30,30
306,CUST306,2023-08-21 00:00:00,54,Male,Electronics,1,50,50
307,CUST307,2023-05-27 00:00:00,26,Female,Electronics,2,25,50
308,CUST308,2023-08-05 00:00:00,34,Female,Beauty,4,300,1200
309,CUST309,2023-12-23 00:00:00,26,Female,Beauty,1,25,25
310,CUST310,2023-10-12 00:00:00,28,Female,Beauty,1,25,25
311,CUST311,2023-12-05 00:00:00,32,Female,Beauty,4,25,100
312,CUST312,2023-09-07 00:00:00,41,Male,Clothing,4,30,120
313,CUST313,2023-03-21 00:00:00,55,Female,Beauty,3,500,1500
314,CUST314,2023-04-08 00:00:00,52,Male,Clothing,4,30,120
315,CUST315,2023-06-01 00:00:00,47,Male,Clothing,2,30,60
316,CUST316,2023-04-22 00:00:00,48,Female,Clothing,2,25,50
317,CUST317,2023-01-30 00:00:00,22,Male,Electronics,3,30,90
318,CUST318,2023-10-24 00:00:00,61,Male,Clothing,1,25,25
319,CUST319,2023-10-05 00:00:00,31,Male,Clothing,1,500,500
320,CUST320,2023-02-01 00:00:00,28,Female,Electronics,4,300,1200
321,CUST321,2023-06-10 00:00:00,26,Female,Electronics,2,25,50
322,CUST322,2023-01-30 00:00:00,51,Male,Electronics,1,500,500
323,CUST323,2023-01-26 00:00:00,29,Female,Beauty,3,300,900
324,CUST324,2023-10-27 00:00:00,52,Female,Electronics,3,50,150
325,CUST325,2023-09-02 00:00:00,52,Female,Electronics,2,25,50
326,CUST326,2023-09-15 00:00:00,18,Female,Clothing,3,25,75
327,CUST327,2023-09-29 00:00:00,57,Male,Electronics,3,50,150
328,CUST328,2023-03-22 00:00:00,39,Male,Beauty,2,50,100
329,CUST329,2023-01-30 00:00:00,46,Female,Electronics,4,25,100
330,CUST330,2023-09-18 00:00:00,25,Female,Beauty,4,50,200
331,CUST331,2023-02-11 00:00:00,28,Male,Electronics,3,30,90
332,CUST332,2023-04-06 00:00:00,58,Male,Electronics,4,300,1200
333,CUST333,2023-02-05 00:00:00,54,Female,Electronics,4,300,1200
334,CUST334,2023-11-01 00:00:00,31,Male,Electronics,3,300,900
335,CUST335,2023-02-04 00:00:00,47,Female,Beauty,4,30,120
336,CUST336,2023-12-12 00:00:00,52,Female,Beauty,3,50,150
337,CUST337,2023-05-01 00:00:00,38,Male,Clothing,1,500,500
338,CUST338,2023-07-26 00:00:00,54,Male,Beauty,2,50,100
339,CUST339,2023-03-03 00:00:00,22,Female,Electronics,2,25,50
340,CUST340,2023-10-19 00:00:00,36,Female,Clothing,4,300,1200
341,CUST341,2023-05-07 00:00:00,31,Male,Clothing,4,50,200
342,CUST342,2023-10-24 00:00:00,43,Female,Clothing,4,500,2000
343,CUST343,2023-11-01 00:00:00,21,Male,Electronics,2,25,50
344,CUST344,2023-01-21 00:00:00,42,Female,Beauty,1,30,30
345,CUST345,2023-11-14 00:00:00,62,Male,Electronics,1,30,30
346,CUST346,2023-02-11 00:00:00,59,Male,Clothing,2,500,1000
347,CUST347,2023-08-03 00:00:00,42,Male,Electronics,1,25,25
348,CUST348,2023-12-03 00:00:00,35,Female,Electronics,2,300,600
349,CUST349,2023-10-26 00:00:00,57,Female,Beauty,1,50,50
350,CUST350,2023-10-17 00:00:00,25,Male,Beauty,3,25,75
351,CUST351,2023-09-25 00:00:00,56,Female,Clothing,3,30,90
352,CUST352,2023-06-11 00:00:00,57,Male,Electronics,2,500,1000
353,CUST353,2023-05-14 00:00:00,31,Male,Electronics,1,500,500
354,CUST354,2023-04-15 00:00:00,49,Female,Beauty,4,50,200
355,CUST355,2023-12-09 00:00:00,55,Female,Electronics,1,500,500
356,CUST356,2023-06-10 00:00:00,50,Male,Electronics,3,500,1500
357,CUST357,2023-05-03 00:00:00,40,Female,Electronics,3,25,75
358,CUST358,2023-05-16 00:00:00,32,Female,Beauty,1,300,300
359,CUST359,2023-07-22 00:00:00,50,Male,Clothing,1,50,50
360,CUST360,2023-03-09 00:00:00,42,Male,Clothing,4,25,100
361,CUST361,2023-12-10 00:00:00,34,Female,Electronics,4,300,1200
362,CUST362,2023-11-27 00:00:00,50,Male,Clothing,1,25,25
363,CUST363,2023-06-03 00:00:00,64,Male,Beauty,1,25,25
364,CUST364,2023-08-23 00:00:00,19,Female,Beauty,1,500,500
365,CUST365,2023-06-11 00:00:00,31,Male,Clothing,1,300,300
366,CUST366,2023-02-07 00:00:00,57,Male,Clothing,2,50,100
367,CUST367,2023-01-05 00:00:00,57,Female,Electronics,1,50,50
368,CUST368,2023-08-23 00:00:00,56,Female,Clothing,4,300,1200
369,CUST369,2023-11-15 00:00:00,23,Male,Electronics,3,500,1500
370,CUST370,2023-10-16 00:00:00,23,Male,Electronics,2,30,60
371,CUST371,2023-02-21 00:00:00,20,Female,Beauty,1,25,25
372,CUST372,2023-02-07 00:00:00,24,Female,Beauty,3,500,1500
373,CUST373,2023-10-03 00:00:00,25,Female,Beauty,2,300,600
374,CUST374,2023-04-20 00:00:00,59,Female,Beauty,3,25,75
375,CUST375,2023-09-17 00:00:00,32,Male,Clothing,1,50,50
376,CUST376,2023-05-16 00:00:00,64,Female,Beauty,1,30,30
377,CUST377,2023-03-09 00:00:00,46,Female,Clothing,4,50,200
378,CUST378,2023-06-28 00:00:00,50,Male,Beauty,1,300,300
379,CUST379,2023-02-05 00:00:00,47,Female,Clothing,1,25,25
380,CUST380,2023-05-06 00:00:00,56,Male,Electronics,2,300,600
381,CUST381,2023-07-09 00:00:00,44,Female,Clothing,4,25,100
382,CUST382,2023-05-26 00:00:00,53,Female,Clothing,2,500,1000
383,CUST383,2023-03-22 00:00:00,46,Female,Beauty,3,30,90
384,CUST384,2023-08-13 00:00:00,55,Male,Clothing,1,500,500
385,CUST385,2023-10-06 00:00:00,50,Male,Electronics,3,500,1500
386,CUST386,2023-12-27 00:00:00,54,Female,Electronics,2,300,600
387,CUST387,2023-06-04 00:00:00,44,Male,Beauty,1,30,30
388,CUST388,2023-11-10 00:00:00,50,Male,Electronics,1,25,25
389,CUST389,2023-12-01 00:00:00,21,Male,Clothing,2,25,50
390,CUST390,2023-09-28 00:00:00,39,Male,Electronics,2,50,100
391,CUST391,2023-01-05 00:00:00,19,Male,Beauty,2,25,50
392,CUST392,2023-12-08 00:00:00,27,Male,Clothing,2,300,600
393,CUST393,2023-10-11 00:00:00,22,Female,Beauty,2,500,1000
394,CUST394,2023-06-03 00:00:00,27,Female,Clothing,1,500,500
395,CUST395,2023-12-06 00:00:00,50,Male,Electronics,2,500,1000
396,CUST396,2023-02-23 00:00:00,55,Female,Beauty,1,30,30
397,CUST397,2023-03-10 00:00:00,30,Female,Beauty,1,25,25
398,CUST398,2023-05-16 00:00:00,48,Female,Clothing,2,300,600
399,CUST399,2023-03-01 00:00:00,64,Female,Beauty,2,30,60
400,CUST400,2023-02-24 00:00:00,53,Male,Clothing,4,50,200
401,CUST401,2023-10-11 00:00:00,62,Female,Clothing,1,300,300
402,CUST402,2023-03-21 00:00:00,41,Female,Clothing,2,300,600
403,CUST403,2023-05-20 00:00:00,32,Male,Clothing,2,300,600
404,CUST404,2023-05-25 00:00:00,46,Male,Electronics,2,500,1000
405,CUST405,2023-11-06 00:00:00,25,Female,Clothing,4,300,1200
406,CUST406,2023-04-18 00:00:00,22,Female,Beauty,4,25,100
407,CUST407,2023-06-25 00:00:00,46,Female,Electronics,3,300,900
408,CUST408,2023-04-15 00:00:00,64,Female,Beauty,1,500,500
409,CUST409,2023-12-18 00:00:00,21,Female,Electronics,3,300,900
410,CUST410,2023-11-21 00:00:00,29,Female,Clothing,2,50,100
411,CUST411,2023-05-16 00:00:00,62,Male,Electronics,4,50,200
412,CUST412,2023-09-16 00:00:00,19,Female,Electronics,4,500,2000
413,CUST413,2023-09-08 00:00:00,44,Female,Beauty,3,25,75
414,CUST414,2023-05-09 00:00:00,48,Male,Beauty,4,25,100
415,CUST415,2023-01-27 00:00:00,53,Male,Clothing,2,30,60
416,CUST416,2023-02-17 00:00:00,53,Male,Electronics,4,500,2000
417,CUST417,2023-11-21 00:00:00,43,Male,Electronics,3,300,900
418,CUST418,2023-08-05 00:00:00,60,Female,Electronics,2,500,1000
419,CUST419,2023-05-22 00:00:00,44,Female,Clothing,3,30,90
420,CUST420,2023-01-23 00:00:00,22,Female,Clothing,4,500,2000
421,CUST421,2023-01-02 00:00:00,37,Female,Clothing,3,500,1500
422,CUST422,2023-06-20 00:00:00,28,Female,Clothing,3,30,90
423,CUST423,2023-03-08 00:00:00,27,Female,Clothing,1,25,25
424,CUST424,2023-11-23 00:00:00,57,Male,Beauty,4,300,1200
425,CUST425,2023-05-15 00:00:00,55,Female,Electronics,4,30,120
426,CUST426,2023-03-24 00:00:00,23,Male,Electronics,3,50,150
427,CUST427,2023-08-15 00:00:00,25,Male,Electronics,1,25,25
428,CUST428,2023-10-10 00:00:00,40,Female,Electronics,4,50,200
429,CUST429,2023-12-28 00:00:00,64,Male,Electronics,2,25,50
430,CUST430,2023-08-07 00:00:00,43,Female,Electronics,3,300,900
431,CUST431,2023-10-15 00:00:00,63,Male,Electronics,4,300,1200
432,CUST432,2023-01-05 00:00:00,60,Female,Electronics,2,500,1000
433,CUST433,2023-02-27 00:00:00,29,Male,Beauty,4,50,200
434,CUST434,2023-02-08 00:00:00,43,Female,Electronics,2,25,50
435,CUST435,2023-12-20 00:00:00,30,Female,Beauty,3,300,900
436,CUST436,2023-03-18 00:00:00,57,Female,Clothing,4,30,120
437,CUST437,2023-10-07 00:00:00,35,Female,Electronics,4,300,1200
438,CUST438,2023-01-19 00:00:00,42,Female,Clothing,1,30,30
439,CUST439,2023-07-09 00:00:00,50,Male,Clothing,3,25,75
440,CUST440,2023-10-26 00:00:00,64,Male,Clothing,2,300,600
441,CUST441,2023-10-10 00:00:00,57,Male,Beauty,4,300,1200
442,CUST442,2023-03-17 00:00:00,60,Female,Clothing,4,25,100
443,CUST443,2023-08-09 00:00:00,29,Male,Clothing,2,300,600
444,CUST444,2023-03-07 00:00:00,61,Female,Clothing,3,30,90
445,CUST445,2023-01-22 00:00:00,53,Female,Electronics,1,300,300
446,CUST446,2023-06-07 00:00:00,21,Male,Electronics,1,50,50
447,CUST447,2023-07-06 00:00:00,22,Male,Beauty,4,500,2000
448,CUST448,2023-01-21 00:00:00,54,Female,Beauty,2,30,60
449,CUST449,2023-07-03 00:00:00,25,Male,Electronics,4,50,200
450,CUST450,2023-04-18 00:00:00,59,Female,Beauty,2,25,50
451,CUST451,2023-12-16 00:00:00,45,Female,Electronics,1,30,30
452,CUST452,2023-05-08 00:00:00,48,Female,Clothing,3,500,1500
453,CUST453,2023-12-08 00:00:00,26,Female,Clothing,2,500,1000
454,CUST454,2023-02-22 00:00:00,46,Female,Beauty,1,25,25
455,CUST455,2023-07-01 00:00:00,31,Male,Electronics,4,25,100
456,CUST456,2023-10-14 00:00:00,57,Male,Electronics,2,30,60
457,CUST457,2023-07-28 00:00:00,58,Female,Beauty,3,300,900
458,CUST458,2023-11-14 00:00:00,39,Female,Electronics,4,25,100
459,CUST459,2023-03-21 00:00:00,28,Male,Clothing,4,300,1200
460,CUST460,2023-05-02 00:00:00,40,Male,Beauty,1,50,50
461,CUST461,2023-03-25 00:00:00,18,Female,Beauty,2,500,1000
462,CUST462,2023-04-01 00:00:00,63,Male,Electronics,4,300,1200
463,CUST463,2023-07-31 00:00:00,54,Female,Beauty,3,500,1500
464,CUST464,2023-01-13 00:00:00,38,Male,Electronics,2,300,600
465,CUST465,2023-04-02 00:00:00,43,Female,Electronics,3,50,150
466,CUST466,2023-06-20 00:00:00,63,Male,Electronics,4,25,100
467,CUST467,2023-07-30 00:00:00,53,Female,Electronics,3,50,150
468,CUST468,2023-12-09 00:00:00,40,Male,Electronics,1,25,25
469,CUST469,2023-05-08 00:00:00,18,Male,Beauty,3,25,75
470,CUST470,2023-05-17 00:00:00,57,Female,Clothing,2,500,1000
471,CUST471,2023-03-23 00:00:00,32,Male,Clothing,3,50,150
472,CUST472,2023-12-26 00:00:00,38,Female,Beauty,3,300,900
473,CUST473,2023-02-25 00:00:00,64,Male,Beauty,1,50,50
474,CUST474,2023-07-15 00:00:00,26,Female,Clothing,3,500,1500
475,CUST475,2023-01-20 00:00:00,26,Male,Clothing,3,25,75
476,CUST476,2023-08-29 00:00:00,27,Female,Clothing,4,500,2000
477,CUST477,2023-04-24 00:00:00,43,Male,Clothing,4,30,120
478,CUST478,2023-04-13 00:00:00,58,Female,Clothing,2,30,60
479,CUST479,2023-08-24 00:00:00,52,Male,Electronics,4,300,1200
480,CUST480,2023-06-29 00:00:00,42,Female,Beauty,4,500,2000
481,CUST481,2023-06-06 00:00:00,43,Female,Electronics,4,300,1200
482,CUST482,2023-04-27 00:00:00,28,Female,Clothing,4,300,1200
483,CUST483,2023-04-25 00:00:00,55,Male,Clothing,1,30,30
484,CUST484,2023-01-13 00:00:00,19,Female,Clothing,4,300,1200
485,CUST485,2023-12-04 00:00:00,24,Male,Electronics,1,30,30
486,CUST486,2023-04-09 00:00:00,35,Female,Electronics,1,25,25
487,CUST487,2023-07-24 00:00:00,44,Male,Clothing,4,500,2000
488,CUST488,2023-06-18 00:00:00,51,Female,Electronics,3,300,900
489,CUST489,2023-05-23 00:00:00,44,Male,Electronics,1,30,30
490,CUST490,2023-02-05 00:00:00,34,Male,Clothing,3,50,150
491,CUST491,2023-05-23 00:00:00,60,Female,Electronics,3,300,900
492,CUST492,2023-06-29 00:00:00,61,Male,Beauty,4,25,100
493,CUST493,2023-11-25 00:00:00,41,Male,Beauty,2,25,50
494,CUST494,2023-09-18 00:00:00,42,Female,Beauty,4,50,200
495,CUST495,2023-07-24 00:00:00,24,Male,Beauty,2,30,60
496,CUST496,2023-12-14 00:00:00,23,Male,Clothing,2,300,600
497,CUST497,2023-10-02 00:00:00,41,Male,Clothing,4,30,120
498,CUST498,2023-06-19 00:00:00,50,Female,Clothing,4,25,100
499,CUST499,2023-01-15 00:00:00,46,Male,Beauty,2,30,60
500,CUST500,2023-03-01 00:00:00,60,Female,Beauty,4,25,100
501,CUST501,2023-05-14 00:00:00,39,Male,Electronics,2,30,60
502,CUST502,2023-04-02 00:00:00,43,Male,Electronics,3,50,150
503,CUST503,2023-10-25 00:00:00,45,Male,Beauty,4,500,2000
504,CUST504,2023-05-16 00:00:00,38,Female,Beauty,3,50,150
505,CUST505,2023-01-20 00:00:00,24,Male,Beauty,1,50,50
506,CUST506,2023-02-25 00:00:00,34,Male,Beauty,3,500,1500
507,CUST507,2023-11-02 00:00:00,37,Female,Electronics,3,500,1500
508,CUST508,2023-08-11 00:00:00,58,Male,Beauty,2,300,600
509,CUST509,2023-06-26 00:00:00,37,Female,Electronics,3,300,900
510,CUST510,2023-06-10 00:00:00,39,Female,Beauty,4,50,200
511,CUST511,2023-08-12 00:00:00,45,Male,Beauty,2,50,100
512,CUST512,2023-11-07 00:00:00,57,Female,Beauty,1,25,25
513,CUST513,2023-09-19 00:00:00,24,Male,Electronics,4,25,100
514,CUST514,2023-03-01 00:00:00,18,Female,Electronics,1,300,300
515,CUST515,2023-07-17 00:00:00,49,Female,Clothing,3,300,900
516,CUST516,2023-10-23 00:00:00,30,Male,Beauty,4,25,100
517,CUST517,2023-04-08 00:00:00,47,Female,Clothing,4,25,100
518,CUST518,2023-05-11 00:00:00,40,Female,Clothing,1,30,30
519,CUST519,2023-01-23 00:00:00,36,Female,Electronics,4,30,120
520,CUST520,2023-12-29 00:00:00,49,Female,Electronics,4,25,100
521,CUST521,2023-08-12 00:00:00,47,Female,Clothing,4,30,120
522,CUST522,2023-01-01 00:00:00,46,Male,Beauty,3,500,1500
523,CUST523,2023-09-24 00:00:00,62,Female,Electronics,1,300,300
524,CUST524,2023-10-03 00:00:00,46,Male,Beauty,4,300,1200
525,CUST525,2023-12-18 00:00:00,47,Female,Beauty,2,25,50
526,CUST526,2023-12-10 00:00:00,33,Male,Clothing,2,50,100
527,CUST527,2023-04-11 00:00:00,57,Male,Clothing,2,25,50
528,CUST528,2023-07-06 00:00:00,36,Female,Clothing,2,30,60
529,CUST529,2023-08-09 00:00:00,35,Female,Clothing,3,50,150
530,CUST530,2023-02-05 00:00:00,18,Female,Electronics,4,30,120
531,CUST531,2023-12-07 00:00:00,31,Male,Electronics,1,500,500
532,CUST532,2023-06-19 00:00:00,64,Female,Clothing,4,30,120
533,CUST533,2023-11-16 00:00:00,19,Male,Electronics,3,500,1500
534,CUST534,2023-06-10 00:00:00,45,Male,Clothing,2,500,1000
535,CUST535,2023-12-06 00:00:00,47,Male,Beauty,3,30,90
536,CUST536,2023-03-05 00:00:00,55,Female,Beauty,4,30,120
537,CUST537,2023-06-03 00:00:00,21,Female,Beauty,1,500,500
538,CUST538,2023-09-17 00:00:00,18,Male,Clothing,3,50,150
539,CUST539,2023-06-08 00:00:00,25,Male,Beauty,1,500,500
540,CUST540,2023-12-08 00:00:00,46,Female,Electronics,3,300,900
541,CUST541,2023-07-29 00:00:00,56,Male,Beauty,1,500,500
542,CUST542,2023-06-17 00:00:00,20,Female,Beauty,1,50,50
543,CUST543,2023-07-26 00:00:00,49,Male,Beauty,2,300,600
544,CUST544,2023-12-23 00:00:00,27,Female,Electronics,1,25,25
545,CUST545,2023-06-01 00:00:00,27,Male,Clothing,2,25,50
546,CUST546,2023-10-11 00:00:00,36,Female,Electronics,4,50,200
547,CUST547,2023-03-07 00:00:00,63,Male,Clothing,4,500,2000
548,CUST548,2023-04-09 00:00:00,51,Female,Clothing,2,30,60
549,CUST549,2023-08-04 00:00:00,50,Female,Beauty,2,50,100
550,CUST550,2023-12-07 00:00:00,40,Male,Clothing,3,300,900
551,CUST551,2023-07-14 00:00:00,45,Male,Electronics,3,300,900
552,CUST552,2023-12-13 00:00:00,49,Female,Electronics,3,25,75
553,CUST553,2023-03-31 00:00:00,24,Male,Clothing,4,300,1200
554,CUST554,2023-11-12 00:00:00,46,Female,Beauty,3,50,150
555,CUST555,2023-10-19 00:00:00,25,Male,Beauty,1,300,300
556,CUST556,2023-06-04 00:00:00,18,Female,Electronics,1,50,50
557,CUST557,2023-07-27 00:00:00,20,Female,Beauty,3,30,90
558,CUST558,2023-10-08 00:00:00,41,Female,Clothing,1,25,25
559,CUST559,2023-01-01 00:00:00,40,Female,Clothing,4,300,1200
560,CUST560,2023-06-05 00:00:00,25,Female,Electronics,1,50,50
561,CUST561,2023-05-27 00:00:00,64,Female,Clothing,4,500,2000
562,CUST562,2023-04-18 00:00:00,54,Male,Electronics,2,25,50
563,CUST563,2023-08-09 00:00:00,20,Male,Clothing,2,30,60
564,CUST564,2023-10-24 00:00:00,50,Male,Electronics,2,50,100
565,CUST565,2023-11-07 00:00:00,45,Female,Beauty,2,30,60
566,CUST566,2023-12-02 00:00:00,64,Female,Clothing,1,30,30
567,CUST567,2023-06-14 00:00:00,25,Female,Clothing,3,300,900
568,CUST568,2023-08-27 00:00:00,51,Female,Electronics,1,300,300
569,CUST569,2023-08-15 00:00:00,52,Male,Electronics,4,50,200
570,CUST570,2023-08-15 00:00:00,49,Male,Clothing,1,500,500
571,CUST571,2023-12-12 00:00:00,41,Female,Electronics,1,50,50
572,CUST572,2023-04-20 00:00:00,31,Male,Clothing,4,500,2000
573,CUST573,2023-09-19 00:00:00,49,Male,Beauty,2,30,60
574,CUST574,2023-08-31 00:00:00,63,Female,Electronics,2,25,50
575,CUST575,2023-03-28 00:00:00,60,Male,Clothing,2,50,100
576,CUST576,2023-12-04 00:00:00,33,Female,Beauty,3,50,150
577,CUST577,2023-02-13 00:00:00,21,Male,Beauty,4,500,2000
578,CUST578,2023-05-26 00:00:00,54,Female,Clothing,4,30,120
579,CUST579,2023-09-21 00:00:00,38,Female,Electronics,1,30,30
580,CUST580,2023-12-06 00:00:00,31,Female,Clothing,3,500,1500
581,CUST581,2023-11-21 00:00:00,48,Female,Beauty,2,30,60
582,CUST582,2023-11-14 00:00:00,35,Male,Clothing,3,300,900
583,CUST583,2023-06-21 00:00:00,24,Female,Electronics,4,25,100
584,CUST584,2023-02-17 00:00:00,27,Female,Beauty,4,50,200
585,CUST585,2023-05-01 00:00:00,24,Female,Clothing,1,25,25
586,CUST586,2023-12-11 00:00:00,50,Male,Electronics,1,50,50
587,CUST587,2023-06-08 00:00:00,40,Female,Beauty,4,300,1200
588,CUST588,2023-04-26 00:00:00,38,Male,Electronics,2,30,60
589,CUST589,2023-04-12 00:00:00,36,Female,Beauty,2,500,1000
590,CUST590,2023-03-17 00:00:00,36,Male,Clothing,3,300,900
591,CUST591,2023-01-13 00:00:00,53,Male,Electronics,4,25,100
592,CUST592,2023-01-24 00:00:00,46,Female,Beauty,4,500,2000
593,CUST593,2023-05-06 00:00:00,35,Male,Electronics,2,30,60
594,CUST594,2023-09-01 00:00:00,19,Female,Electronics,2,300,600
595,CUST595,2023-11-09 00:00:00,18,Female,Clothing,4,500,2000
596,CUST596,2023-02-07 00:00:00,64,Female,Electronics,1,300,300
597,CUST597,2023-08-22 00:00:00,22,Male,Beauty,4,300,1200
598,CUST598,2023-08-01 00:00:00,37,Male,Beauty,4,30,120
599,CUST599,2023-11-19 00:00:00,28,Female,Beauty,2,50,100
600,CUST600,2023-10-22 00:00:00,59,Female,Beauty,2,500,1000
601,CUST601,2023-04-10 00:00:00,19,Male,Clothing,1,30,30
602,CUST602,2023-12-23 00:00:00,20,Female,Electronics,1,300,300
603,CUST603,2023-07-16 00:00:00,40,Female,Clothing,3,30,90
604,CUST604,2023-09-11 00:00:00,29,Female,Electronics,4,50,200
605,CUST605,2023-07-24 00:00:00,37,Male,Electronics,2,500,1000
606,CUST606,2023-05-05 00:00:00,22,Male,Electronics,1,50,50
607,CUST607,2023-03-17 00:00:00,54,Male,Clothing,3,25,75
608,CUST608,2023-12-02 00:00:00,55,Female,Electronics,3,500,1500
609,CUST609,2023-12-19 00:00:00,47,Female,Clothing,2,50,100
610,CUST610,2023-01-03 00:00:00,26,Female,Beauty,2,300,600
611,CUST611,2023-02-24 00:00:00,51,Male,Beauty,3,500,1500
612,CUST612,2023-08-06 00:00:00,61,Female,Electronics,1,500,500
613,CUST613,2023-04-23 00:00:00,52,Female,Clothing,3,30,90
614,CUST614,2023-04-01 00:00:00,39,Female,Beauty,4,300,1200
615,CUST615,2023-12-23 00:00:00,61,Female,Clothing,4,25,100
616,CUST616,2023-09-23 00:00:00,41,Male,Clothing,2,50,100
617,CUST617,2023-08-26 00:00:00,34,Male,Electronics,1,30,30
618,CUST618,2023-01-26 00:00:00,27,Female,Beauty,1,50,50
619,CUST619,2023-10-13 00:00:00,47,Male,Electronics,4,25,100
620,CUST620,2023-05-08 00:00:00,63,Male,Electronics,3,25,75
621,CUST621,2023-03-04 00:00:00,40,Female,Beauty,2,500,1000
622,CUST622,2023-08-22 00:00:00,49,Female,Beauty,3,25,75
623,CUST623,2023-03-10 00:00:00,34,Male,Clothing,3,50,150
624,CUST624,2023-08-26 00:00:00,34,Female,Beauty,3,300,900
625,CUST625,2023-12-08 00:00:00,31,Male,Clothing,1,300,300
626,CUST626,2023-09-29 00:00:00,26,Female,Clothing,4,500,2000
627,CUST627,2023-10-14 00:00:00,57,Male,Clothing,1,50,50
628,CUST628,2023-11-01 00:00:00,19,Female,Beauty,4,50,200
629,CUST629,2023-06-12 00:00:00,62,Male,Electronics,2,25,50
630,CUST630,2023-08-15 00:00:00,42,Male,Clothing,2,50,100
631,CUST631,2023-11-10 00:00:00,56,Male,Electronics,3,30,90
632,CUST632,2023-09-16 00:00:00,26,Female,Electronics,4,25,100
633,CUST633,2023-08-07 00:00:00,39,Male,Beauty,4,30,120
634,CUST634,2023-10-08 00:00:00,60,Male,Electronics,4,500,2000
635,CUST635,2023-08-17 00:00:00,63,Female,Electronics,3,300,900
636,CUST636,2023-03-23 00:00:00,21,Female,Beauty,3,500,1500
637,CUST637,2023-09-01 00:00:00,43,Male,Clothing,2,300,600
638,CUST638,2023-08-19 00:00:00,46,Male,Electronics,1,500,500
639,CUST639,2023-05-13 00:00:00,62,Female,Beauty,4,50,200
640,CUST640,2023-05-07 00:00:00,51,Female,Electronics,4,30,120
641,CUST641,2023-11-23 00:00:00,40,Female,Electronics,1,300,300
642,CUST642,2023-05-22 00:00:00,54,Female,Clothing,4,25,100
643,CUST643,2023-09-24 00:00:00,28,Female,Electronics,3,30,90
644,CUST644,2023-09-06 00:00:00,23,Male,Beauty,3,25,75
645,CUST645,2023-11-17 00:00:00,35,Female,Electronics,4,30,120
646,CUST646,2023-05-03 00:00:00,38,Male,Clothing,3,30,90
647,CUST647,2023-05-21 00:00:00,59,Male,Clothing,3,500,1500
648,CUST648,2023-08-14 00:00:00,53,Male,Beauty,4,300,1200
649,CUST649,2023-02-09 00:00:00,58,Female,Clothing,2,300,600
650,CUST650,2024-01-01 00:00:00,55,Male,Electronics,1,30,30
651,CUST651,2023-05-27 00:00:00,51,Male,Clothing,3,50,150
652,CUST652,2023-05-01 00:00:00,34,Female,Beauty,2,50,100
653,CUST653,2023-05-20 00:00:00,54,Male,Clothing,3,25,75
654,CUST654,2023-06-21 00:00:00,42,Male,Clothing,3,25,75
655,CUST655,2023-06-13 00:00:00,55,Female,Clothing,1,500,500
656,CUST656,2023-10-04 00:00:00,29,Male,Beauty,3,30,90
657,CUST657,2023-02-11 00:00:00,40,Male,Clothing,1,25,25
658,CUST658,2023-03-12 00:00:00,59,Male,Clothing,1,25,25
659,CUST659,2023-03-19 00:00:00,39,Female,Electronics,1,30,30
660,CUST660,2023-04-29 00:00:00,38,Female,Beauty,2,500,1000
661,CUST661,2023-07-16 00:00:00,44,Female,Clothing,4,25,100
662,CUST662,2023-12-22 00:00:00,48,Male,Beauty,2,500,1000
663,CUST663,2023-03-20 00:00:00,23,Male,Clothing,4,300,1200
664,CUST664,2023-12-28 00:00:00,44,Female,Clothing,4,500,2000
665,CUST665,2023-04-20 00:00:00,57,Male,Clothing,1,50,50
666,CUST666,2023-02-02 00:00:00,51,Male,Electronics,3,50,150
667,CUST667,2023-08-01 00:00:00,29,Female,Electronics,1,500,500
668,CUST668,2023-07-28 00:00:00,62,Female,Electronics,3,50,150
669,CUST669,2023-06-19 00:00:00,24,Male,Beauty,4,300,1200
670,CUST670,2023-10-05 00:00:00,27,Male,Beauty,1,30,30
671,CUST671,2023-08-27 00:00:00,62,Male,Electronics,3,50,150
672,CUST672,2023-08-01 00:00:00,34,Female,Beauty,2,50,100
673,CUST673,2023-02-01 00:00:00,43,Female,Clothing,3,500,1500
674,CUST674,2023-04-16 00:00:00,38,Female,Clothing,1,300,300
675,CUST675,2023-08-04 00:00:00,45,Female,Clothing,2,30,60
676,CUST676,2023-07-19 00:00:00,63,Male,Electronics,3,500,1500
677,CUST677,2023-10-27 00:00:00,19,Female,Beauty,3,500,1500
678,CUST678,2023-12-23 00:00:00,60,Female,Electronics,3,300,900
679,CUST679,2023-01-11 00:00:00,18,Female,Beauty,3,30,90
680,CUST680,2023-10-22 00:00:00,53,Female,Clothing,3,300,900
681,CUST681,2023-07-14 00:00:00,43,Female,Electronics,2,30,60
682,CUST682,2023-09-02 00:00:00,46,Male,Beauty,4,300,1200
683,CUST683,2023-01-04 00:00:00,38,Male,Beauty,2,500,1000
684,CUST684,2023-06-30 00:00:00,28,Female,Clothing,2,500,1000
685,CUST685,2023-06-02 00:00:00,57,Male,Electronics,2,25,50
686,CUST686,2023-07-19 00:00:00,28,Female,Electronics,4,50,200
687,CUST687,2023-08-03 00:00:00,53,Female,Electronics,1,300,300
688,CUST688,2023-10-03 00:00:00,56,Male,Clothing,4,25,100
689,CUST689,2023-10-07 00:00:00,57,Male,Electronics,2,50,100
690,CUST690,2023-11-05 00:00:00,52,Female,Clothing,3,300,900
691,CUST691,2023-04-23 00:00:00,51,Female,Clothing,3,30,90
692,CUST692,2023-09-07 00:00:00,64,Female,Clothing,2,50,100
693,CUST693,2023-04-23 00:00:00,41,Male,Beauty,3,500,1500
694,CUST694,2023-05-20 00:00:00,39,Female,Electronics,2,25,50
695,CUST695,2023-08-12 00:00:00,22,Female,Electronics,3,50,150
696,CUST696,2023-09-06 00:00:00,50,Female,Clothing,4,50,200
697,CUST697,2023-01-15 00:00:00,53,Male,Clothing,1,500,500
698,CUST698,2023-07-19 00:00:00,64,Female,Electronics,1,300,300
699,CUST699,2023-06-22 00:00:00,37,Female,Clothing,4,30,120
700,CUST700,2023-12-09 00:00:00,36,Male,Electronics,4,500,2000
701,CUST701,2023-12-14 00:00:00,52,Female,Beauty,2,30,60
702,CUST702,2023-07-27 00:00:00,60,Female,Clothing,2,300,600
703,CUST703,2023-03-26 00:00:00,34,Male,Electronics,2,50,100
704,CUST704,2023-08-28 00:00:00,62,Female,Clothing,3,30,90
705,CUST705,2023-03-07 00:00:00,60,Male,Electronics,2,25,50
706,CUST706,2023-11-15 00:00:00,51,Male,Electronics,4,25,100
707,CUST707,2023-10-01 00:00:00,26,Female,Clothing,1,500,500
708,CUST708,2023-01-14 00:00:00,43,Female,Beauty,3,300,900
709,CUST709,2023-07-21 00:00:00,19,Female,Electronics,2,500,1000
710,CUST710,2023-10-31 00:00:00,26,Female,Electronics,3,500,1500
711,CUST711,2023-10-16 00:00:00,26,Male,Electronics,3,500,1500
712,CUST712,2023-12-06 00:00:00,57,Female,Beauty,2,25,50
713,CUST713,2023-01-14 00:00:00,34,Male,Beauty,3,25,75
714,CUST714,2023-02-12 00:00:00,18,Female,Clothing,1,500,500
715,CUST715,2023-11-26 00:00:00,42,Female,Beauty,4,25,100
716,CUST716,2023-08-08 00:00:00,60,Female,Clothing,4,300,1200
717,CUST717,2023-03-11 00:00:00,57,Male,Clothing,1,500,500
718,CUST718,2023-08-25 00:00:00,59,Female,Beauty,3,25,75
719,CUST719,2023-04-04 00:00:00,42,Female,Clothing,2,30,60
720,CUST720,2023-01-26 00:00:00,56,Female,Beauty,3,500,1500
721,CUST721,2023-05-14 00:00:00,52,Female,Clothing,1,500,500
722,CUST722,2023-07-14 00:00:00,20,Male,Beauty,3,300,900
723,CUST723,2023-06-17 00:00:00,54,Female,Beauty,4,50,200
724,CUST724,2023-04-19 00:00:00,61,Male,Clothing,3,50,150
725,CUST725,2023-08-21 00:00:00,61,Male,Electronics,1,300,300
726,CUST726,2023-06-17 00:00:00,47,Male,Clothing,4,300,1200
727,CUST727,2023-06-22 00:00:00,55,Male,Beauty,3,300,900
728,CUST728,2023-07-14 00:00:00,51,Male,Electronics,3,50,150
729,CUST729,2023-05-23 00:00:00,29,Male,Clothing,4,300,1200
730,CUST730,2023-08-04 00:00:00,36,Female,Clothing,2,25,50
731,CUST731,2023-05-10 00:00:00,54,Male,Clothing,4,500,2000
732,CUST732,2023-02-11 00:00:00,61,Male,Electronics,2,500,1000
733,CUST733,2023-08-29 00:00:00,34,Male,Beauty,1,30,30
734,CUST734,2023-01-10 00:00:00,27,Female,Clothing,1,30,30
735,CUST735,2023-10-04 00:00:00,64,Female,Clothing,4,500,2000
736,CUST736,2023-01-27 00:00:00,29,Male,Clothing,4,25,100
737,CUST737,2023-06-29 00:00:00,33,Female,Clothing,1,50,50
738,CUST738,2023-04-25 00:00:00,41,Male,Clothing,2,50,100
739,CUST739,2023-11-29 00:00:00,36,Male,Beauty,1,25,25
740,CUST740,2023-02-05 00:00:00,25,Female,Beauty,4,50,200
741,CUST741,2023-11-30 00:00:00,48,Male,Clothing,1,300,300
742,CUST742,2023-01-21 00:00:00,38,Female,Electronics,4,500,2000
743,CUST743,2023-01-16 00:00:00,34,Female,Beauty,4,500,2000
744,CUST744,2023-05-07 00:00:00,40,Male,Electronics,1,25,25
745,CUST745,2023-04-13 00:00:00,54,Male,Beauty,2,50,100
746,CUST746,2023-01-11 00:00:00,33,Female,Clothing,3,30,90
747,CUST747,2023-11-15 00:00:00,23,Male,Beauty,1,30,30
748,CUST748,2023-03-20 00:00:00,25,Male,Clothing,3,50,150
749,CUST749,2023-05-03 00:00:00,42,Male,Beauty,1,30,30
750,CUST750,2023-03-06 00:00:00,35,Female,Clothing,3,25,75
751,CUST751,2023-08-31 00:00:00,42,Female,Clothing,2,25,50
752,CUST752,2023-12-09 00:00:00,29,Male,Clothing,2,50,100
753,CUST753,2023-02-28 00:00:00,32,Female,Clothing,1,30,30
754,CUST754,2023-10-16 00:00:00,43,Female,Electronics,4,25,100
755,CUST755,2023-04-22 00:00:00,58,Female,Clothing,3,25,75
756,CUST756,2023-08-27 00:00:00,62,Female,Electronics,4,300,1200
757,CUST757,2023-12-25 00:00:00,43,Female,Electronics,4,300,1200
758,CUST758,2023-05-12 00:00:00,64,Male,Clothing,4,25,100
759,CUST759,2023-07-08 00:00:00,49,Male,Electronics,2,50,100
760,CUST760,2023-03-27 00:00:00,27,Male,Beauty,1,500,500
761,CUST761,2023-11-07 00:00:00,33,Female,Clothing,1,500,500
762,CUST762,2023-11-07 00:00:00,24,Female,Electronics,2,25,50
763,CUST763,2023-02-28 00:00:00,34,Male,Clothing,2,25,50
764,CUST764,2023-03-25 00:00:00,40,Female,Clothing,1,25,25
765,CUST765,2023-06-09 00:00:00,43,Male,Clothing,4,50,200
766,CUST766,2023-02-25 00:00:00,38,Male,Electronics,3,300,900
767,CUST767,2023-10-24 00:00:00,39,Male,Beauty,3,25,75
768,CUST768,2023-01-14 00:00:00,24,Female,Beauty,3,25,75
769,CUST769,2023-06-09 00:00:00,31,Female,Electronics,4,30,120
770,CUST770,2023-10-22 00:00:00,32,Male,Clothing,1,50,50
771,CUST771,2023-12-13 00:00:00,24,Male,Electronics,2,25,50
772,CUST772,2023-07-12 00:00:00,26,Male,Electronics,1,30,30
773,CUST773,2023-07-23 00:00:00,25,Male,Electronics,4,500,2000
774,CUST774,2023-04-12 00:00:00,40,Female,Clothing,2,25,50
775,CUST775,2023-02-08 00:00:00,46,Female,Electronics,4,25,100
776,CUST776,2023-10-31 00:00:00,35,Male,Clothing,3,30,90
777,CUST777,2023-12-20 00:00:00,48,Male,Electronics,3,50,150
778,CUST778,2023-11-18 00:00:00,47,Female,Beauty,4,25,100
779,CUST779,2023-05-05 00:00:00,56,Female,Electronics,2,500,1000
780,CUST780,2023-02-22 00:00:00,52,Male,Electronics,2,25,50
781,CUST781,2023-12-23 00:00:00,35,Male,Beauty,1,500,500
782,CUST782,2023-06-04 00:00:00,59,Male,Clothing,3,300,900
783,CUST783,2023-12-17 00:00:00,56,Female,Clothing,1,300,300
784,CUST784,2023-11-04 00:00:00,34,Female,Electronics,1,500,500
785,CUST785,2023-03-03 00:00:00,31,Female,Beauty,4,50,200
786,CUST786,2023-10-17 00:00:00,48,Male,Clothing,4,25,100
787,CUST787,2023-01-22 00:00:00,41,Male,Electronics,1,25,25
788,CUST788,2023-06-27 00:00:00,52,Female,Beauty,3,300,900
789,CUST789,2023-09-30 00:00:00,61,Female,Clothing,4,500,2000
790,CUST790,2023-08-08 00:00:00,62,Male,Clothing,1,25,25
791,CUST791,2023-12-05 00:00:00,51,Female,Beauty,1,25,25
792,CUST792,2023-07-09 00:00:00,20,Female,Beauty,1,50,50
793,CUST793,2023-02-05 00:00:00,54,Male,Beauty,1,30,30
794,CUST794,2023-09-17 00:00:00,60,Female,Beauty,1,300,300
795,CUST795,2023-11-28 00:00:00,57,Male,Electronics,1,300,300
796,CUST796,2023-06-24 00:00:00,43,Male,Beauty,4,30,120
797,CUST797,2023-01-07 00:00:00,40,Male,Clothing,3,25,75
798,CUST798,2023-08-04 00:00:00,61,Male,Clothing,1,50,50
799,CUST799,2023-09-08 00:00:00,56,Male,Electronics,2,50,100
800,CUST800,2023-02-24 00:00:00,32,Male,Clothing,4,300,1200
801,CUST801,2023-08-10 00:00:00,21,Male,Clothing,4,50,200
802,CUST802,2023-07-05 00:00:00,46,Female,Beauty,1,30,30
803,CUST803,2023-11-22 00:00:00,39,Male,Clothing,4,25,100
804,CUST804,2023-08-24 00:00:00,42,Male,Electronics,1,30,30
805,CUST805,2023-12-29 00:00:00,30,Female,Beauty,3,500,1500
806,CUST806,2023-03-20 00:00:00,35,Female,Beauty,3,300,900
807,CUST807,2023-08-11 00:00:00,50,Female,Electronics,4,50,200
808,CUST808,2023-04-01 00:00:00,33,Male,Beauty,4,500,2000
809,CUST809,2023-09-25 00:00:00,62,Female,Beauty,2,50,100
810,CUST810,2023-11-30 00:00:00,59,Male,Electronics,4,25,100
811,CUST811,2023-05-19 00:00:00,61,Male,Beauty,2,25,50
812,CUST812,2023-11-12 00:00:00,19,Male,Electronics,3,25,75
813,CUST813,2023-10-03 00:00:00,52,Male,Electronics,3,50,150
814,CUST814,2023-09-05 00:00:00,59,Female,Clothing,1,500,500
815,CUST815,2023-08-27 00:00:00,51,Female,Clothing,3,25,75
816,CUST816,2023-08-12 00:00:00,47,Male,Beauty,2,500,1000
817,CUST817,2023-10-31 00:00:00,30,Male,Beauty,4,50,200
818,CUST818,2023-05-18 00:00:00,30,Male,Electronics,1,500,500
819,CUST819,2023-06-15 00:00:00,35,Female,Beauty,2,50,100
820,CUST820,2023-05-06 00:00:00,49,Male,Electronics,4,50,200
821,CUST821,2023-02-14 00:00:00,49,Male,Electronics,1,300,300
822,CUST822,2023-05-23 00:00:00,52,Female,Beauty,3,50,150
823,CUST823,2023-08-19 00:00:00,56,Female,Electronics,2,50,100
824,CUST824,2023-05-05 00:00:00,63,Male,Clothing,4,30,120
825,CUST825,2023-08-26 00:00:00,46,Female,Beauty,1,25,25
826,CUST826,2023-10-19 00:00:00,46,Female,Clothing,1,300,300
827,CUST827,2023-11-09 00:00:00,61,Male,Beauty,3,300,900
828,CUST828,2023-12-09 00:00:00,33,Female,Electronics,4,300,1200
829,CUST829,2023-07-14 00:00:00,61,Male,Beauty,3,30,90
830,CUST830,2023-06-22 00:00:00,64,Female,Clothing,3,50,150
831,CUST831,2023-01-15 00:00:00,27,Male,Electronics,4,25,100
832,CUST832,2023-09-11 00:00:00,47,Male,Beauty,4,500,2000
833,CUST833,2023-06-16 00:00:00,42,Male,Beauty,4,50,200
834,CUST834,2023-04-04 00:00:00,56,Female,Beauty,2,30,60
835,CUST835,2023-09-07 00:00:00,37,Male,Clothing,4,50,200
836,CUST836,2023-04-19 00:00:00,22,Female,Clothing,1,50,50
837,CUST837,2023-07-01 00:00:00,18,Male,Beauty,3,30,90
838,CUST838,2023-05-13 00:00:00,47,Male,Electronics,2,300,600
839,CUST839,2023-06-24 00:00:00,20,Female,Electronics,4,300,1200
840,CUST840,2023-05-24 00:00:00,62,Male,Clothing,2,25,50
841,CUST841,2023-11-02 00:00:00,31,Male,Electronics,4,25,100
842,CUST842,2023-12-26 00:00:00,47,Female,Clothing,2,300,600
843,CUST843,2023-05-22 00:00:00,21,Male,Beauty,3,500,1500
844,CUST844,2023-10-12 00:00:00,35,Male,Clothing,3,50,150
845,CUST845,2023-01-06 00:00:00,54,Male,Clothing,1,500,500
846,CUST846,2023-09-22 00:00:00,42,Male,Beauty,1,50,50
847,CUST847,2023-04-08 00:00:00,18,Female,Electronics,4,300,1200
848,CUST848,2023-02-13 00:00:00,63,Female,Clothing,3,25,75
849,CUST849,2023-05-04 00:00:00,32,Male,Clothing,2,25,50
850,CUST850,2023-07-28 00:00:00,26,Female,Beauty,2,500,1000
851,CUST851,2023-09-08 00:00:00,32,Male,Electronics,2,25,50
852,CUST852,2023-10-12 00:00:00,41,Female,Clothing,1,300,300
853,CUST853,2023-05-04 00:00:00,21,Male,Beauty,2,500,1000
854,CUST854,2023-12-20 00:00:00,29,Male,Clothing,1,50,50
855,CUST855,2023-09-01 00:00:00,54,Male,Beauty,1,25,25
856,CUST856,2023-11-27 00:00:00,54,Male,Electronics,4,30,120
857,CUST857,2023-12-31 00:00:00,60,Male,Electronics,2,25,50
858,CUST858,2023-09-09 00:00:00,23,Male,Electronics,2,50,100
859,CUST859,2023-08-18 00:00:00,56,Female,Electronics,3,500,1500
860,CUST860,2023-01-09 00:00:00,63,Male,Clothing,4,50,200
861,CUST861,2023-02-17 00:00:00,41,Female,Clothing,3,30,90
862,CUST862,2023-05-31 00:00:00,28,Male,Electronics,4,300,1200
863,CUST863,2023-04-24 00:00:00,30,Female,Electronics,2,25,50
864,CUST864,2023-07-27 00:00:00,51,Female,Electronics,1,500,500
865,CUST865,2023-12-21 00:00:00,42,Female,Clothing,1,300,300
866,CUST866,2023-05-05 00:00:00,24,Male,Electronics,1,50,50
867,CUST867,2023-06-06 00:00:00,21,Male,Electronics,1,500,500
868,CUST868,2023-12-06 00:00:00,25,Female,Electronics,1,300,300
869,CUST869,2023-10-25 00:00:00,37,Male,Beauty,3,500,1500
870,CUST870,2023-07-08 00:00:00,46,Female,Electronics,4,30,120
871,CUST871,2023-08-31 00:00:00,62,Male,Beauty,2,30,60
872,CUST872,2023-10-11 00:00:00,63,Female,Beauty,3,25,75
873,CUST873,2023-09-29 00:00:00,27,Female,Electronics,4,25,100
874,CUST874,2023-06-26 00:00:00,60,Male,Beauty,1,30,30
875,CUST875,2023-08-06 00:00:00,51,Female,Electronics,4,500,2000
876,CUST876,2023-10-09 00:00:00,43,Male,Clothing,4,30,120
877,CUST877,2023-06-19 00:00:00,58,Female,Clothing,1,25,25
878,CUST878,2023-06-30 00:00:00,20,Female,Clothing,1,30,30
879,CUST879,2023-12-26 00:00:00,23,Male,Clothing,1,30,30
880,CUST880,2023-08-21 00:00:00,22,Male,Beauty,2,500,1000
881,CUST881,2023-05-19 00:00:00,22,Male,Electronics,1,300,300
882,CUST882,2023-06-06 00:00:00,64,Female,Electronics,2,25,50
883,CUST883,2023-05-09 00:00:00,40,Male,Electronics,1,500,500
884,CUST884,2023-04-29 00:00:00,26,Female,Clothing,2,30,60
885,CUST885,2023-03-03 00:00:00,52,Female,Clothing,4,30,120
886,CUST886,2023-04-09 00:00:00,37,Male,Electronics,3,300,900
887,CUST887,2023-06-11 00:00:00,59,Male,Clothing,4,25,100
888,CUST888,2023-03-03 00:00:00,52,Female,Electronics,4,25,100
889,CUST889,2023-10-02 00:00:00,35,Female,Electronics,1,50,50
890,CUST890,2023-12-20 00:00:00,34,Male,Electronics,2,25,50
891,CUST891,2023-04-05 00:00:00,41,Male,Electronics,3,300,900
892,CUST892,2023-04-09 00:00:00,20,Male,Electronics,1,50,50
893,CUST893,2023-04-21 00:00:00,49,Male,Electronics,1,50,50
894,CUST894,2023-09-05 00:00:00,52,Male,Electronics,1,30,30
895,CUST895,2023-05-22 00:00:00,55,Female,Clothing,4,30,120
896,CUST896,2023-10-29 00:00:00,30,Female,Electronics,2,25,50
897,CUST897,2023-09-26 00:00:00,64,Female,Electronics,2,50,100
898,CUST898,2023-11-02 00:00:00,42,Female,Clothing,3,30,90
899,CUST899,2023-05-25 00:00:00,26,Male,Clothing,2,300,600
900,CUST900,2023-02-21 00:00:00,21,Male,Clothing,2,30,60
901,CUST901,2023-04-10 00:00:00,31,Male,Electronics,1,30,30
902,CUST902,2023-06-01 00:00:00,54,Female,Beauty,1,50,50
903,CUST903,2023-04-27 00:00:00,51,Female,Beauty,4,50,200
904,CUST904,2023-07-04 00:00:00,28,Male,Clothing,1,500,500
905,CUST905,2023-04-02 00:00:00,58,Male,Beauty,1,300,300
906,CUST906,2023-06-04 00:00:00,20,Female,Clothing,1,50,50
907,CUST907,2023-01-08 00:00:00,45,Female,Electronics,1,25,25
908,CUST908,2023-12-29 00:00:00,46,Male,Beauty,4,300,1200
909,CUST909,2023-10-01 00:00:00,26,Male,Electronics,1,300,300
910,CUST910,2023-03-06 00:00:00,20,Female,Beauty,3,50,150
911,CUST911,2023-05-21 00:00:00,42,Male,Electronics,3,300,900
912,CUST912,2023-01-24 00:00:00,51,Male,Beauty,3,50,150
913,CUST913,2023-01-28 00:00:00,29,Male,Electronics,3,30,90
914,CUST914,2023-10-11 00:00:00,59,Female,Electronics,1,500,500
915,CUST915,2023-05-30 00:00:00,26,Female,Beauty,3,30,90
916,CUST916,2023-12-24 00:00:00,32,Female,Electronics,1,50,50
917,CUST917,2023-03-06 00:00:00,57,Female,Electronics,4,50,200
918,CUST918,2023-11-23 00:00:00,42,Female,Electronics,3,30,90
919,CUST919,2023-09-09 00:00:00,22,Female,Beauty,2,25,50
920,CUST920,2023-02-22 00:00:00,28,Female,Beauty,3,25,75
921,CUST921,2023-01-07 00:00:00,51,Male,Electronics,3,25,75
922,CUST922,2023-10-21 00:00:00,41,Male,Electronics,1,50,50
923,CUST923,2023-05-26 00:00:00,32,Male,Beauty,3,300,900
924,CUST924,2023-08-29 00:00:00,55,Male,Beauty,2,50,100
925,CUST925,2023-09-03 00:00:00,25,Male,Electronics,1,300,300
926,CUST926,2023-08-14 00:00:00,22,Male,Electronics,1,30,30
927,CUST927,2023-06-24 00:00:00,43,Male,Electronics,4,500,2000
928,CUST928,2023-04-05 00:00:00,35,Female,Clothing,4,300,1200
929,CUST929,2023-01-27 00:00:00,23,Female,Beauty,3,25,75
930,CUST930,2023-05-10 00:00:00,54,Male,Clothing,4,50,200
931,CUST931,2023-09-02 00:00:00,30,Male,Beauty,4,30,120
932,CUST932,2023-02-28 00:00:00,45,Female,Beauty,4,25,100
933,CUST933,2023-02-03 00:00:00,22,Male,Beauty,1,30,30
934,CUST934,2023-07-25 00:00:00,30,Male,Beauty,1,500,500
935,CUST935,2023-09-09 00:00:00,34,Female,Beauty,1,50,50
936,CUST936,2023-02-07 00:00:00,57,Male,Beauty,4,50,200
937,CUST937,2023-10-23 00:00:00,62,Female,Beauty,1,500,500
938,CUST938,2023-11-19 00:00:00,49,Male,Clothing,4,50,200
939,CUST939,2023-12-18 00:00:00,46,Female,Electronics,1,300,300
940,CUST940,2023-01-28 00:00:00,20,Female,Electronics,1,30,30
941,CUST941,2023-03-19 00:00:00,57,Female,Clothing,2,25,50
942,CUST942,2023-03-18 00:00:00,51,Male,Clothing,3,500,1500
943,CUST943,2023-10-16 00:00:00,57,Female,Clothing,4,300,1200
944,CUST944,2023-06-05 00:00:00,44,Male,Clothing,2,25,50
945,CUST945,2023-02-13 00:00:00,30,Male,Beauty,1,25,25
946,CUST946,2023-05-08 00:00:00,62,Male,Electronics,4,500,2000
947,CUST947,2023-03-02 00:00:00,50,Male,Beauty,1,300,300
948,CUST948,2023-10-13 00:00:00,23,Female,Electronics,3,25,75
949,CUST949,2023-08-02 00:00:00,41,Female,Electronics,2,25,50
950,CUST950,2023-11-07 00:00:00,36,Male,Clothing,3,300,900
951,CUST951,2023-11-02 00:00:00,33,Male,Beauty,2,50,100
952,CUST952,2023-11-13 00:00:00,57,Female,Clothing,1,25,25
953,CUST953,2023-04-26 00:00:00,45,Male,Beauty,3,30,90
954,CUST954,2023-09-25 00:00:00,50,Female,Electronics,3,300,900
955,CUST955,2023-07-14 00:00:00,58,Male,Clothing,1,25,25
956,CUST956,2023-08-19 00:00:00,30,Male,Clothing,3,500,1500
957,CUST957,2023-08-15 00:00:00,60,Female,Electronics,4,30,120
958,CUST958,2023-06-02 00:00:00,62,Male,Electronics,2,25,50
959,CUST959,2023-10-29 00:00:00,42,Female,Electronics,2,30,60
960,CUST960,2023-08-08 00:00:00,59,Male,Clothing,2,30,60
961,CUST961,2023-06-06 00:00:00,53,Male,Beauty,4,50,200
962,CUST962,2023-10-19 00:00:00,44,Male,Clothing,2,30,60
963,CUST963,2023-11-14 00:00:00,55,Female,Beauty,1,50,50
964,CUST964,2023-01-31 00:00:00,24,Male,Clothing,3,300,900
965,CUST965,2023-11-09 00:00:00,22,Male,Clothing,4,50,200
966,CUST966,2023-02-20 00:00:00,60,Male,Electronics,2,500,1000
967,CUST967,2023-04-17 00:00:00,62,Male,Beauty,1,25,25
968,CUST968,2023-11-17 00:00:00,48,Female,Clothing,3,300,900
969,CUST969,2023-04-19 00:00:00,40,Female,Clothing,3,300,900
970,CUST970,2023-05-16 00:00:00,59,Male,Electronics,4,500,2000
971,CUST971,2023-12-05 00:00:00,27,Female,Electronics,4,50,200
972,CUST972,2023-02-11 00:00:00,49,Male,Beauty,4,25,100
973,CUST973,2023-03-22 00:00:00,60,Male,Clothing,1,50,50
974,CUST974,2023-05-03 00:00:00,47,Male,Beauty,1,30,30
975,CUST975,2023-03-30 00:00:00,56,Female,Clothing,4,50,200
976,CUST976,2023-10-10 00:00:00,48,Female,Beauty,2,300,600
977,CUST977,2023-02-08 00:00:00,35,Female,Electronics,3,25,75
978,CUST978,2023-03-22 00:00:00,53,Female,Clothing,3,50,150
979,CUST979,2023-01-02 00:00:00,19,Female,Beauty,1,25,25
980,CUST980,2023-07-29 00:00:00,31,Female,Electronics,3,25,75
981,CUST981,2023-08-19 00:00:00,30,Female,Electronics,2,30,60
982,CUST982,2023-12-19 00:00:00,46,Female,Beauty,3,30,90
983,CUST983,2023-11-01 00:00:00,29,Female,Clothing,1,300,300
984,CUST984,2023-08-29 00:00:00,56,Male,Clothing,1,500,500
985,CUST985,2023-05-30 00:00:00,19,Female,Electronics,2,25,50
986,CUST986,2023-01-17 00:00:00,49,Female,Clothing,2,500,1000
987,CUST987,2023-04-29 00:00:00,30,Female,Clothing,3,300,900
988,CUST988,2023-05-28 00:00:00,63,Female,Clothing,3,25,75
989,CUST989,2023-12-28 00:00:00,44,Female,Electronics,1,25,25
990,CUST990,2023-05-25 00:00:00,58,Female,Beauty,2,500,1000
991,CUST991,2023-12-26 00:00:00,34,Female,Clothing,2,50,100
992,CUST992,2023-08-21 00:00:00,57,Female,Electronics,2,30,60
993,CUST993,2023-02-06 00:00:00,48,Female,Electronics,3,50,150
994,CUST994,2023-12-18 00:00:00,51,Female,Beauty,2,500,1000
995,CUST995,2023-04-30 00:00:00,41,Female,Clothing,1,30,30
996,CUST996,2023-05-16 00:00:00,62,Male,Clothing,1,50,50
997,CUST997,2023-11-17 00:00:00,52,Male,Beauty,3,30,90
998,CUST998,2023-10-29 00:00:00,23,Female,Beauty,4,25,100
999,CUST999,2023-12-05 00:00:00,36,Female,Electronics,3,50,150
1000,CUST1000,2023-04-12 00:00:00,47,Male,Electronics,4,30,120
